{
  "model_info": {
    "epoch": 9,
    "val_rmse": 1.3635166697278744,
    "val_mae": 1.0893099308013916,
    "val_pred_std": 1.0085569620132446
  },
  "test_metrics": {
    "rmse": 1.3694854606812048,
    "mae": 1.0933277606964111,
    "mean_error": -0.9109358191490173,
    "std_error": 1.0225880146026611,
    "median_abs_error": 0.8856818675994873
  },
  "prediction_stats": {
    "mean": 3.3832778930664062,
    "std": 1.0149544477462769,
    "min": 1.0214693546295166,
    "max": 4.994894027709961
  },
  "accuracy": {
    "within_0.5_stars": 29.306113342257923,
    "within_1.0_stars": 54.98289454112747,
    "within_1.5_stars": 72.59036144578313
  },
  "bias_analysis": {
    "overestimate_pct": 14.587981555853041,
    "perfect_pct": 0.0,
    "underestimate_pct": 85.41201844414695
  },
  "performance_by_rating": {
    "1": {
      "rmse": 1.0355039192652338,
      "mae": 0.8430652022361755,
      "count": 1179
    },
    "2": {
      "rmse": 0.7001511946948765,
      "mae": 0.5244036912918091,
      "count": 1213
    },
    "3": {
      "rmse": 0.8302100581618276,
      "mae": 0.7035102844238281,
      "count": 2666
    },
    "4": {
      "rmse": 1.1597542114312918,
      "mae": 0.956614077091217,
      "count": 5293
    },
    "5": {
      "rmse": 1.5476644023774904,
      "mae": 1.2594629526138306,
      "count": 16541
    }
  }
}