{
  "test_rmse": 1.3694854606812048,
  "test_mae": 1.0933277606964111,
  "test_pred_std": 1.0149544477462769,
  "val_rmse": 1.3635166697278744,
  "val_mae": 1.0893099308013916
}